code,display_tr,display_en,icd10_suggestion,body_region,retired_at
ANAMNEZ-SYM-0001,acil idrar hissi (urgency),urinary urgency,R39.1,genitourinary,
ANAMNEZ-SYM-0002,adet düzensizliği,Irregular menstruation,N92.6,gynecologic,
ANAMNEZ-SYM-0003,adet görmeme / amenore,Amenorrhoea,N91.2,gynecologic,
ANAMNEZ-SYM-0004,afazi / kelime bulma güçlüğü,Aphasia / word-finding difficulty,R47.0,neurological,
ANAMNEZ-SYM-0005,ajitasyon,Agitation,R45.1,psychiatric,
ANAMNEZ-SYM-0006,akut ağrı,Acute pain,R52.0,constitutional,
ANAMNEZ-SYM-0007,akut ishal,Acute diarrhea,K59.1,gastrointestinal,
ANAMNEZ-SYM-0008,akut karın,Acute abdomen,R10.0,gastrointestinal,
ANAMNEZ-SYM-0009,alerjik ürtiker,allergic urticaria,L50.0,skin,
ANAMNEZ-SYM-0010,alkol kullanım yakınması,Alcohol use complaint,,psychiatric,
ANAMNEZ-SYM-0011,alt karın ağrısı,Lower abdominal pain,R10.3,gastrointestinal,
ANAMNEZ-SYM-0012,anal kaşıntı,pruritus ani,L29.0,skin,
ANAMNEZ-SYM-0013,anal spazm,Anal spasm,K59.4,gastrointestinal,
ANAMNEZ-SYM-0014,anal/rektal ağrı,Anal / rectal pain,K62.8,gastrointestinal,
ANAMNEZ-SYM-0015,ani başlayan döküntü,acute-onset rash,R21,skin,
ANAMNEZ-SYM-0016,ani işitme kaybı,sudden hearing loss,H91.2,ent,
ANAMNEZ-SYM-0017,anjiyoödem / dudak-yüz şişmesi,angioedema,T78.3,skin,
ANAMNEZ-SYM-0018,anksiyete,Anxiety,R45.0,psychiatric,
ANAMNEZ-SYM-0019,anogenital kaşıntı,anogenital pruritus,L29.3,skin,
ANAMNEZ-SYM-0020,anormal balgam,abnormal sputum,R09.3,respiratory,
ANAMNEZ-SYM-0021,anormal bağırsak sesleri,Abnormal bowel sounds,R19.1,gastrointestinal,
ANAMNEZ-SYM-0022,anormal refleks,Abnormal reflex,R29.2,neurological,
ANAMNEZ-SYM-0023,anormal uterus kanaması,Abnormal uterine bleeding (unspecified),N93.9,gynecologic,
ANAMNEZ-SYM-0024,apati / ilgisizlik,Apathy,R45.3,psychiatric,
ANAMNEZ-SYM-0025,apne / nefes durması,apnoea,R06.8,respiratory,
ANAMNEZ-SYM-0026,ara dönem lekelenme,Intermenstrual spotting,N93.8,gynecologic,
ANAMNEZ-SYM-0027,asfiksi,asphyxia,R09.0,respiratory,
ANAMNEZ-SYM-0028,ataksi,Ataxia,R27.0,neurological,
ANAMNEZ-SYM-0029,ataksik yürüyüş,Ataxic gait,R26.0,neurological,
ANAMNEZ-SYM-0030,ateş,Fever,R50.9,constitutional,
ANAMNEZ-SYM-0031,ateş basması / sıcak basması,Hot flushes,R23.2,constitutional,
ANAMNEZ-SYM-0032,ateşle birlikte üşüme/titreme,Fever with chills,R50.0,constitutional,
ANAMNEZ-SYM-0033,atipik yüz ağrısı,atypical facial pain,G50.1,head_neck,
ANAMNEZ-SYM-0034,ayak ağrısı,foot pain,M25.57,musculoskeletal,
ANAMNEZ-SYM-0035,ayak bileği ağrısı,ankle pain,M25.57,musculoskeletal,
ANAMNEZ-SYM-0036,ayak bileği şişliği,ankle swelling,M25.47,musculoskeletal,
ANAMNEZ-SYM-0037,ayak/bilek şişmesi,Ankle/foot swelling,R60.0,cardiovascular,
ANAMNEZ-SYM-0038,ayağa kalkınca baş dönmesi,Dizziness on standing,R42,cardiovascular,
ANAMNEZ-SYM-0039,az idrar çıkışı (oligüri),oliguria,R34,genitourinary,
ANAMNEZ-SYM-0040,açlık karın ağrısı,Hunger-related (fasting) abdominal pain,R10.4,gastrointestinal,
ANAMNEZ-SYM-0041,açıklanamayan bedensel yakınmalar,Medically unexplained physical symptoms,,psychiatric,
ANAMNEZ-SYM-0042,ağlama nöbetleri,Tearfulness / crying spells,R45.89,psychiatric,
ANAMNEZ-SYM-0043,ağrılı adet / dismenore,Dysmenorrhoea (painful menstruation),N94.6,gynecologic,
ANAMNEZ-SYM-0044,ağrılı yutma,painful swallowing,R13,ent,
ANAMNEZ-SYM-0045,ağrılı yutma (odinofaji),Odynophagia,R13,gastrointestinal,
ANAMNEZ-SYM-0046,ağza acı/ekşi su gelmesi,Regurgitation,R12,gastrointestinal,
ANAMNEZ-SYM-0047,ağız kokusu (halitozis),Halitosis,R19.6,gastrointestinal,
ANAMNEZ-SYM-0048,ağız kuruluğu,Dry mouth,R68.2,constitutional,
ANAMNEZ-SYM-0049,ağız solunumu,mouth breathing,R06.5,ent,
ANAMNEZ-SYM-0050,ağızdan solunum,mouth breathing,R06.5,respiratory,
ANAMNEZ-SYM-0051,aşırı adet kanaması / menoraji,Heavy menstrual bleeding (menorrhagia),N92.0,gynecologic,
ANAMNEZ-SYM-0052,aşırı aktivite,Overactivity,R46.3,psychiatric,
ANAMNEZ-SYM-0053,aşırı ağlama / infantil kolik,Excessive crying / infantile colic,R68.1,pediatric,
ANAMNEZ-SYM-0054,aşırı gaz çıkarma,Excessive flatus,R14.3,gastrointestinal,
ANAMNEZ-SYM-0055,aşırı gündüz uykululuğu,Excessive daytime sleepiness,G47.1,psychiatric,
ANAMNEZ-SYM-0056,aşırı iştah,Polyphagia / increased appetite,R63.2,gastrointestinal,
ANAMNEZ-SYM-0057,aşırı terleme,Excessive sweating / hyperhidrosis,R61.9,constitutional,
ANAMNEZ-SYM-0058,bacak ağrısı,leg pain,M79.66,musculoskeletal,
ANAMNEZ-SYM-0059,bacak kası ağrısı,lower-leg myalgia,M79.16,musculoskeletal,
ANAMNEZ-SYM-0060,bacaklarda şişlik,Leg swelling,R60.0,cardiovascular,
ANAMNEZ-SYM-0061,baldır ağrısı,calf pain,M79.66,musculoskeletal,
ANAMNEZ-SYM-0062,balgamlı öksürük,productive cough,R05,respiratory,
ANAMNEZ-SYM-0063,baskı tarzı göğüs ağrısı,Pressure-like chest pain,R07.3,cardiovascular,
ANAMNEZ-SYM-0064,batıcı göğüs ağrısı,Stabbing chest pain,R07.3,cardiovascular,
ANAMNEZ-SYM-0065,batık tırnak,ingrowing nail,L60.0,skin,
ANAMNEZ-SYM-0066,bayılacak gibi olma / presenkop,Pre-syncope / near-fainting,R55,cardiovascular,
ANAMNEZ-SYM-0067,bayılma,Syncope,R55,cardiovascular,
ANAMNEZ-SYM-0068,bağırsak alışkanlığında değişiklik,Change in bowel habit,R19.4,gastrointestinal,
ANAMNEZ-SYM-0069,baş ağrısı,headache,R51,head_neck,
ANAMNEZ-SYM-0070,baş dönmesi,Dizziness,R42,neurological,
ANAMNEZ-SYM-0071,başta şişlik/kitle,head swelling / mass,R22.0,head_neck,
ANAMNEZ-SYM-0072,bebekte beslenme güçlüğü,Feeding difficulty in infant,R63.3,pediatric,
ANAMNEZ-SYM-0073,bel ağrısı,low back pain (lumbalgia),M54.5,musculoskeletal,
ANAMNEZ-SYM-0074,bel tutulması,acute low back stiffness/lock,M54.5,musculoskeletal,
ANAMNEZ-SYM-0075,bel ve bacak ağrısı,lumbago with sciatica,M54.4,musculoskeletal,
ANAMNEZ-SYM-0076,bez bölgesi döküntüsü,Diaper rash / dermatitis,L22,pediatric,
ANAMNEZ-SYM-0077,beşik şapkası (süt kabuğu),Cradle cap,L21.1,pediatric,
ANAMNEZ-SYM-0078,bilinç kaybı,Loss of consciousness,R40.2,neurological,
ANAMNEZ-SYM-0079,bitkinlik / tükenmişlik,Exhaustion,R53,constitutional,
ANAMNEZ-SYM-0080,boyun ağrısı,neck pain,M54.2,head_neck,
ANAMNEZ-SYM-0081,boyun tutulması,stiff neck,M54.2,head_neck,
ANAMNEZ-SYM-0082,boyunda damar dolgunluğu,Jugular venous distension,R09.88,cardiovascular,
ANAMNEZ-SYM-0083,boyunda hareket kısıtlılığı,limited neck range of motion,M54.2,head_neck,
ANAMNEZ-SYM-0084,boyunda kas spazmı,neck muscle spasm,R25.2,head_neck,
ANAMNEZ-SYM-0085,boyunda lenf bezi şişliği,cervical lymph node swelling,R59.0,head_neck,
ANAMNEZ-SYM-0086,boyunda şişlik/kitle,neck swelling / mass,R22.1,head_neck,
ANAMNEZ-SYM-0087,boğaz ağrısı,sore throat,R07.0,ent,
ANAMNEZ-SYM-0088,boğazda kaşıntı,throat itching,R09.89,ent,
ANAMNEZ-SYM-0089,boğazda kuruluk,throat dryness,R09.89,ent,
ANAMNEZ-SYM-0090,boğazda takılma hissi,Globus sensation,R13,gastrointestinal,
ANAMNEZ-SYM-0091,boğazda yabancı cisim hissi,globus sensation,R13,ent,
ANAMNEZ-SYM-0092,boğazdan kan gelmesi,haemorrhage from throat,R04.1,respiratory,
ANAMNEZ-SYM-0093,boğazdan kanama,bleeding from throat,R04.1,ent,
ANAMNEZ-SYM-0094,boğulma hissi,choking sensation,R09.89,respiratory,
ANAMNEZ-SYM-0095,bulantı,Nausea,R11,gastrointestinal,
ANAMNEZ-SYM-0096,bulanık idrar,cloudy urine,R39.8,genitourinary,
ANAMNEZ-SYM-0097,burun akıntısı,rhinorrhea,R09.89,ent,
ANAMNEZ-SYM-0098,burun ağrısı,nasal pain,R07.0,ent,
ANAMNEZ-SYM-0099,burun kanaması,epistaxis,R04.0,ent,
ANAMNEZ-SYM-0100,burun kaşıntısı,nasal itching,R09.89,ent,
ANAMNEZ-SYM-0101,burun tıkanıklığı,nasal obstruction,J34.8,ent,
ANAMNEZ-SYM-0102,burunda kuruluk,nasal dryness,R09.89,ent,
ANAMNEZ-SYM-0103,böğür ağrısı (kolik),renal colic,N23,genitourinary,
ANAMNEZ-SYM-0104,bül / büyük su toplaması,bulla / blister,R23.8,skin,
ANAMNEZ-SYM-0105,büyüme geriliği,Failure to thrive / growth retardation,R62.8,pediatric,
ANAMNEZ-SYM-0106,büyüme geriliği (çocuk),Failure to thrive / delayed development,R62.8,constitutional,
ANAMNEZ-SYM-0107,ciltte açılma / beyaz lekeler,hypopigmentation / white patches,L81.5,skin,
ANAMNEZ-SYM-0108,ciltte koyulaşma,skin hyperpigmentation,L81.9,skin,
ANAMNEZ-SYM-0109,cinsel istek azalması,decreased libido,F52.0,genitourinary,
ANAMNEZ-SYM-0110,demoralizasyon,Demoralization,R45.3,psychiatric,
ANAMNEZ-SYM-0111,dengesizlik hissi,Unsteadiness / disequilibrium,R27.8,neurological,
ANAMNEZ-SYM-0112,deri anestezisi,Anaesthesia of skin,R20.0,neurological,
ANAMNEZ-SYM-0113,deri ağrısı,skin pain,L98.9,skin,
ANAMNEZ-SYM-0114,deri değişikliği (tanımsız),other and unspecified skin change,R23.8,skin,
ANAMNEZ-SYM-0115,deri hipoestezisi,Hypoaesthesia of skin,R20.1,neurological,
ANAMNEZ-SYM-0116,deri yapısında değişiklik,change in skin texture,R23.4,skin,
ANAMNEZ-SYM-0117,deri yarası / yara,skin wound / sore,L98.9,skin,
ANAMNEZ-SYM-0118,deri ülseri,skin ulcer,L98.4,skin,
ANAMNEZ-SYM-0119,deride aşırı duyarlılık,hyperaesthesia,R20.3,skin,
ANAMNEZ-SYM-0120,deride karıncalanma,paraesthesia of skin,R20.2,skin,
ANAMNEZ-SYM-0121,deride kuruluk,dry skin / xerosis,L85.3,skin,
ANAMNEZ-SYM-0122,deride uyuşma,skin numbness / anaesthesia,R20.0,skin,
ANAMNEZ-SYM-0123,deride yanma hissi,burning skin sensation,R20.8,skin,
ANAMNEZ-SYM-0124,deride yumru (lokalize),"localized lump, unspecified site",R22.9,skin,
ANAMNEZ-SYM-0125,deride şişlik / kitle,"skin swelling, mass, lump",R22.9,skin,
ANAMNEZ-SYM-0126,dirsek ağrısı,elbow pain,M25.52,musculoskeletal,
ANAMNEZ-SYM-0127,disparoni / ilişkide ağrı,Dyspareunia,N94.1,gynecologic,
ANAMNEZ-SYM-0128,diz ağrısı,knee pain,M25.56,musculoskeletal,
ANAMNEZ-SYM-0129,diz sertliği,knee stiffness,M25.66,musculoskeletal,
ANAMNEZ-SYM-0130,diz şişliği,knee swelling/effusion,M25.46,musculoskeletal,
ANAMNEZ-SYM-0131,dizartri / peltek konuşma,Dysarthria / slurred speech,R47.1,neurological,
ANAMNEZ-SYM-0132,diş çıkarma şikayetleri,Teething complaints,K00.7,pediatric,
ANAMNEZ-SYM-0133,doğumla ilişkisiz galaktore,Non-puerperal galactorrhoea,N64.3,gynecologic,
ANAMNEZ-SYM-0134,duygusal stres tepkisi,Emotional stress reaction,R45.7,psychiatric,
ANAMNEZ-SYM-0135,döküntü,rash / skin eruption,R21,skin,
ANAMNEZ-SYM-0136,dönme hissi / gerçek vertigo,True vertigo (spinning sensation),H81.9,neurological,
ANAMNEZ-SYM-0137,düzensiz aşırı adet kanaması,Heavy bleeding with irregular cycle,N92.1,gynecologic,
ANAMNEZ-SYM-0138,düzensiz kalp atışı hissi,Sensation of irregular heartbeat,R00.2,cardiovascular,
ANAMNEZ-SYM-0139,düzensiz solunum,irregular breathing,R06.8,respiratory,
ANAMNEZ-SYM-0140,düşmanlık,Hostility,R45.5,psychiatric,
ANAMNEZ-SYM-0141,düşme,Fall,R29.81,neurological,
ANAMNEZ-SYM-0142,düşme eğilimi,Tendency to fall,R29.81,neurological,
ANAMNEZ-SYM-0143,düşük ayak,Foot drop,R29.88,neurological,
ANAMNEZ-SYM-0144,düşük postür / duruş bozukluğu,abnormal posture,R29.3,musculoskeletal,
ANAMNEZ-SYM-0145,düşük tansiyon ölçümü (nonspesifik),Low blood pressure reading (nonspecific),R03.1,cardiovascular,
ANAMNEZ-SYM-0146,dışkı kaçırma,Soiling / encopresis,R15,gastrointestinal,
ANAMNEZ-SYM-0147,dışkıda mukus,Mucus in stool,R19.5,gastrointestinal,
ANAMNEZ-SYM-0148,dışkılama urgency,Fecal urgency,R19.8,gastrointestinal,
ANAMNEZ-SYM-0149,efor dispnesi,exertional dyspnoea,R06.0,respiratory,
ANAMNEZ-SYM-0150,efor göğüs ağrısı,Exertional chest pain,R07.3,cardiovascular,
ANAMNEZ-SYM-0151,ejakülasyonda ağrı,painful ejaculation,N50.8,genitourinary,
ANAMNEZ-SYM-0152,eklem ağrısı,joint pain (arthralgia),M25.59,musculoskeletal,
ANAMNEZ-SYM-0153,eklem sertliği,joint stiffness,M25.69,musculoskeletal,
ANAMNEZ-SYM-0154,eklemde kilitlenme,joint locking,M25.69,musculoskeletal,
ANAMNEZ-SYM-0155,eklemde takılma hissi,joint catching sensation,M25.89,musculoskeletal,
ANAMNEZ-SYM-0156,eklemde çıtırtı / krepitasyon,joint crepitus,M25.89,musculoskeletal,
ANAMNEZ-SYM-0157,eklemde şişlik,joint swelling (effusion),M25.49,musculoskeletal,
ANAMNEZ-SYM-0158,ekstremitede ağrı,pain in limb,M79.69,musculoskeletal,
ANAMNEZ-SYM-0159,ekstremitelerde uyuşma (vasküler),Limb numbness (vascular),R20.2,cardiovascular,
ANAMNEZ-SYM-0160,ekşime,Acid regurgitation / sour eructation,R12,gastrointestinal,
ANAMNEZ-SYM-0161,el ağrısı,hand pain,M25.54,musculoskeletal,
ANAMNEZ-SYM-0162,el bileği ağrısı,wrist pain,M25.53,musculoskeletal,
ANAMNEZ-SYM-0163,emme güçlüğü (memede),Difficulty latching / breastfeeding difficulty,P92.5,pediatric,
ANAMNEZ-SYM-0164,emmeyi reddetme,Refusal to feed / breast,R63.3,pediatric,
ANAMNEZ-SYM-0165,endişe,Worry,R46.6,psychiatric,
ANAMNEZ-SYM-0166,enkoprezis / dışkı kaçırma (çocuk),Encopresis,F98.1,pediatric,
ANAMNEZ-SYM-0167,ense ağrısı,nape / posterior neck pain,M54.2,head_neck,
ANAMNEZ-SYM-0168,ense sertliği (meningismus),neck stiffness / meningismus,R29.1,head_neck,
ANAMNEZ-SYM-0169,ense sertliği / meningismus,Neck stiffness / meningismus,R29.1,neurological,
ANAMNEZ-SYM-0170,enürezis (gece altını ıslatma),nocturnal enuresis,R32,genitourinary,
ANAMNEZ-SYM-0171,epigastrik ağrı,Epigastric pain,R10.1,gastrointestinal,
ANAMNEZ-SYM-0172,erken boşalma,premature ejaculation,F52.4,genitourinary,
ANAMNEZ-SYM-0173,erken doyma,Early satiety,K30,gastrointestinal,
ANAMNEZ-SYM-0174,erken uyanma,Early morning awakening,G47.0,psychiatric,
ANAMNEZ-SYM-0175,febril konvülsiyon,Febrile convulsion,R56.0,neurological,
ANAMNEZ-SYM-0176,febril konvülziyon,Febrile convulsion,R56.0,pediatric,
ANAMNEZ-SYM-0177,frontal baş ağrısı,frontal headache,R51,head_neck,
ANAMNEZ-SYM-0178,gaita inkontinansı,Fecal incontinence,R15,gastrointestinal,
ANAMNEZ-SYM-0179,garip davranış,Strange behaviour,R46.2,psychiatric,
ANAMNEZ-SYM-0180,gaz,Flatulence,R14.3,gastrointestinal,
ANAMNEZ-SYM-0181,gece gelen karın ağrısı,Nocturnal abdominal pain,R10.4,gastrointestinal,
ANAMNEZ-SYM-0182,gece görememe,Night blindness,H53.6,eye,
ANAMNEZ-SYM-0183,gece idrara kalkma (noktüri),nocturia,R35,genitourinary,
ANAMNEZ-SYM-0184,gece işemesi (enürezis),Bedwetting / nocturnal enuresis,F98.0,pediatric,
ANAMNEZ-SYM-0185,gece terlemesi,Night sweats,R61.9,constitutional,
ANAMNEZ-SYM-0186,gece terlemesi (menopozal),Night sweats (menopausal),N95.1,gynecologic,
ANAMNEZ-SYM-0187,gece öksürüğü,nocturnal cough,R05,respiratory,
ANAMNEZ-SYM-0188,gecikmiş motor gelişim,Delayed motor milestones,R62.0,pediatric,
ANAMNEZ-SYM-0189,gelişme geriliği,Developmental delay,R62.0,pediatric,
ANAMNEZ-SYM-0190,genel durum bozukluğu,Poor general condition,R53,constitutional,
ANAMNEZ-SYM-0191,genital lezyon / yara,Genital sore (patient-reported),N76.6,gynecologic,
ANAMNEZ-SYM-0192,geniz akıntısı,postnasal drip,R09.89,ent,
ANAMNEZ-SYM-0193,genizden konuşma,nasal speech,R49.2,ent,
ANAMNEZ-SYM-0194,gerilim tipi baş ağrısı,tension-type headache,R51,head_neck,
ANAMNEZ-SYM-0195,geçici bilinç kaybı,Transient loss of consciousness,R55,neurological,
ANAMNEZ-SYM-0196,geğirme,Belching / eructation,R14,gastrointestinal,
ANAMNEZ-SYM-0197,gizli GİS kanaması,Occult gastrointestinal bleeding,K92.2,gastrointestinal,
ANAMNEZ-SYM-0198,göbek çevresi (periumbilikal) ağrı,Periumbilical pain,R10.4,gastrointestinal,
ANAMNEZ-SYM-0199,görme alanı daralması,Visual field defect,H53.4,eye,
ANAMNEZ-SYM-0200,görme azlığı,Decreased visual acuity,H53.8,eye,
ANAMNEZ-SYM-0201,görme bulanıklığı,Blurred vision,H53.8,eye,
ANAMNEZ-SYM-0202,görme kaybı,Visual loss,H54.7,eye,
ANAMNEZ-SYM-0203,görülebilen peristaltizm,Visible peristalsis,R19.2,gastrointestinal,
ANAMNEZ-SYM-0204,göz ağrısı,Eye pain,H57.1,eye,
ANAMNEZ-SYM-0205,göz kapağı düşüklüğü,Drooping eyelid / ptosis,H02.4,eye,
ANAMNEZ-SYM-0206,göz kapağı şişliği,Eyelid swelling,H02.8,eye,
ANAMNEZ-SYM-0207,göz kapağında kaşıntı,Eyelid itching,H01.9,eye,
ANAMNEZ-SYM-0208,göz kapağında kızarıklık,Eyelid redness,H01.9,eye,
ANAMNEZ-SYM-0209,göz kuruluğu,Dry eye,H04.1,eye,
ANAMNEZ-SYM-0210,göz kızarıklığı,Red eye,H57.8,eye,
ANAMNEZ-SYM-0211,göz seğirmesi,Eyelid twitch,H02.8,eye,
ANAMNEZ-SYM-0212,gözde batma hissi,Foreign body sensation,H57.8,eye,
ANAMNEZ-SYM-0213,gözde kamaşma,Glare,H53.1,eye,
ANAMNEZ-SYM-0214,gözde kaşıntı,Itchy eye,H10.1,eye,
ANAMNEZ-SYM-0215,gözde kum hissi,Gritty sensation in eye,H04.1,eye,
ANAMNEZ-SYM-0216,gözde sulanma,Watery eye / epiphora,H04.2,eye,
ANAMNEZ-SYM-0217,gözde yabancı cisim hissi,Sensation of foreign body in eye,H57.8,eye,
ANAMNEZ-SYM-0218,gözde yanma,Burning sensation in eye,H57.8,eye,
ANAMNEZ-SYM-0219,gözde çapaklanma,Eye discharge,H10.9,eye,
ANAMNEZ-SYM-0220,göğüs ağrısı,Chest pain,R07.4,cardiovascular,
ANAMNEZ-SYM-0221,göğüste sıkışma hissi,chest tightness,R07.4,respiratory,
ANAMNEZ-SYM-0222,gündüz idrar kaçırma (çocuk),Daytime urinary incontinence (child),R32,pediatric,
ANAMNEZ-SYM-0223,güçsüzlük,Weakness (nonspecific),R53,neurological,
ANAMNEZ-SYM-0224,güçsüzlük (jeneralize),Generalized weakness,R53,constitutional,
ANAMNEZ-SYM-0225,hacim açığı / dehidratasyon bulgusu,Volume depletion / dehydration,E86,constitutional,
ANAMNEZ-SYM-0226,hafif ateş / subfebril ateş,Low-grade fever,R50.9,constitutional,
ANAMNEZ-SYM-0227,hafıza kaybı,Memory loss / amnesia,R41.3,neurological,
ANAMNEZ-SYM-0228,halsizlik,Malaise / general weakness,R53,constitutional,
ANAMNEZ-SYM-0229,hapşırma,sneezing,R06.7,ent,
ANAMNEZ-SYM-0230,hapşırık,sneezing,R06.7,respiratory,
ANAMNEZ-SYM-0231,hapşırık nöbetleri,sneezing fits,R06.7,ent,
ANAMNEZ-SYM-0232,hareket kısıtlılığı,restricted range of motion,M25.69,musculoskeletal,
ANAMNEZ-SYM-0233,hazımsızlık,Indigestion / dyspepsia,K30,gastrointestinal,
ANAMNEZ-SYM-0234,hepatomegali,Hepatomegaly,R16.0,gastrointestinal,
ANAMNEZ-SYM-0235,hiperestezi,Hyperaesthesia,R20.3,neurological,
ANAMNEZ-SYM-0236,hiperventilasyon,hyperventilation,R06.4,respiratory,
ANAMNEZ-SYM-0237,hipotermi (çevresel olmayan),Hypothermia (non-environmental),R68.0,constitutional,
ANAMNEZ-SYM-0238,horlama,snoring,R06.5,ent,
ANAMNEZ-SYM-0239,huzursuz bebek,Fussy / irritable infant,R68.1,pediatric,
ANAMNEZ-SYM-0240,huzursuzluk,Restlessness,R45.1,neurological,
ANAMNEZ-SYM-0241,hırıltı (vizing),wheezing,R06.2,respiratory,
ANAMNEZ-SYM-0242,hızlı kalp atışı / taşikardi yakınması,Tachycardia (as complaint),R00.0,cardiovascular,
ANAMNEZ-SYM-0243,hızlı solunum (takipne),tachypnoea,R06.8,respiratory,
ANAMNEZ-SYM-0244,hıçkırık,Hiccough,R06.6,gastrointestinal,
ANAMNEZ-SYM-0245,idrar başlatmada güçlük,urinary hesitancy,R39.1,genitourinary,
ANAMNEZ-SYM-0246,idrar damlaması (terminal damlatma),terminal dribbling,R39.1,genitourinary,
ANAMNEZ-SYM-0247,idrar kaçırma (inkontinans),urinary incontinence,R32,genitourinary,
ANAMNEZ-SYM-0248,idrar yapamama (retansiyon),urinary retention,R33,genitourinary,
ANAMNEZ-SYM-0249,idrar yaparken ağrı,painful micturition,R30.9,genitourinary,
ANAMNEZ-SYM-0250,idrar yaparken yanma,dysuria,R30.0,genitourinary,
ANAMNEZ-SYM-0251,idrar çıkışı yok (anüri),anuria,R34,genitourinary,
ANAMNEZ-SYM-0252,idrarda taş düşürme,passing urinary stone,N23,genitourinary,
ANAMNEZ-SYM-0253,iki taraflı baş ağrısı,bilateral headache,R51,head_neck,
ANAMNEZ-SYM-0254,inatçı ateş,Persistent fever,R50.1,constitutional,
ANAMNEZ-SYM-0255,intihar düşüncesi,Suicidal ideation,R45.81,psychiatric,
ANAMNEZ-SYM-0256,ishal,Diarrhea,K59.1,gastrointestinal,
ANAMNEZ-SYM-0257,istemsiz hareketler,Involuntary movements,R25.8,neurological,
ANAMNEZ-SYM-0258,istemsiz kilo alımı,Unintentional weight gain,R63.5,gastrointestinal,
ANAMNEZ-SYM-0259,istemsiz kilo kaybı,Unintentional weight loss,R63.4,constitutional,
ANAMNEZ-SYM-0260,istirahat göğüs ağrısı,Chest pain at rest,R07.3,cardiovascular,
ANAMNEZ-SYM-0261,istirahatte nefes darlığı,dyspnoea at rest,R06.0,respiratory,
ANAMNEZ-SYM-0262,işitme azlığı,hearing loss,H91.9,ent,
ANAMNEZ-SYM-0263,işitsel halüsinasyon,auditory hallucination,R44.0,ent,
ANAMNEZ-SYM-0264,iştah artışı,Increased appetite / polyphagia,R63.2,constitutional,
ANAMNEZ-SYM-0265,iştahsızlık,Loss of appetite / anorexia,R63.0,constitutional,
ANAMNEZ-SYM-0266,iştahsızlık (emosyonel),Loss of appetite (emotional),R63.0,psychiatric,
ANAMNEZ-SYM-0267,jeneralize ağrı,Generalized pain,R52.9,constitutional,
ANAMNEZ-SYM-0268,jeneralize lenfadenopati,Generalized lymphadenopathy,R59.1,constitutional,
ANAMNEZ-SYM-0269,jeneralize terleme,Generalized hyperhidrosis,R61.1,constitutional,
ANAMNEZ-SYM-0270,jeneralize ödem,Generalized oedema,R60.1,cardiovascular,
ANAMNEZ-SYM-0271,kabuslar,Nightmares,F51.5,psychiatric,
ANAMNEZ-SYM-0272,kabızlık,Constipation,K59.0,gastrointestinal,
ANAMNEZ-SYM-0273,kafa derisi kaşıntısı,scalp itching,L29.8,skin,
ANAMNEZ-SYM-0274,kafa derisinde uyuşma,scalp numbness,R20.0,head_neck,
ANAMNEZ-SYM-0275,kahve telvesi kusma,Coffee-ground emesis,K92.0,gastrointestinal,
ANAMNEZ-SYM-0276,kalp üfürümü,Cardiac murmur,R01.1,cardiovascular,
ANAMNEZ-SYM-0277,kalça ağrısı,hip pain,M25.55,musculoskeletal,
ANAMNEZ-SYM-0278,kalçada tıklama,clicking hip,R29.4,musculoskeletal,
ANAMNEZ-SYM-0279,kanlı balgam (hemoptizi),haemoptysis,R04.2,respiratory,
ANAMNEZ-SYM-0280,kanlı idrar (hematüri),haematuria,R31,genitourinary,
ANAMNEZ-SYM-0281,kanlı ishal,Bloody diarrhea / dysentery,K59.1,gastrointestinal,
ANAMNEZ-SYM-0282,kanlı kusma (hematemez),Hematemesis,K92.0,gastrointestinal,
ANAMNEZ-SYM-0283,kanlı meni (hematospermi),haematospermia,N50.8,genitourinary,
ANAMNEZ-SYM-0284,karın ağrısı,Abdominal pain,R10.4,gastrointestinal,
ANAMNEZ-SYM-0285,karın hassasiyeti,Abdominal tenderness,R10.4,gastrointestinal,
ANAMNEZ-SYM-0286,karın rijiditesi,Abdominal rigidity,R19.3,gastrointestinal,
ANAMNEZ-SYM-0287,karın savunması,Abdominal guarding,R19.3,gastrointestinal,
ANAMNEZ-SYM-0288,karın şişkinliği,Abdominal bloating / distension,R14.0,gastrointestinal,
ANAMNEZ-SYM-0289,karıncalanma,Tingling / paraesthesia,R20.2,neurological,
ANAMNEZ-SYM-0290,karında asit,Ascites,R18,gastrointestinal,
ANAMNEZ-SYM-0291,karında kitle/yumru,Abdominal mass / lump,R19.0,gastrointestinal,
ANAMNEZ-SYM-0292,karında şişlik,Abdominal swelling,R19.0,gastrointestinal,
ANAMNEZ-SYM-0293,kas ağrısı,myalgia,M79.19,musculoskeletal,
ANAMNEZ-SYM-0294,kas güçsüzlüğü,muscle weakness,M62.81,musculoskeletal,
ANAMNEZ-SYM-0295,kas iskelet sistemine ait diğer semptom,other musculoskeletal symptom,R29.89,musculoskeletal,
ANAMNEZ-SYM-0296,kas krampı,muscle cramp,R25.2,musculoskeletal,
ANAMNEZ-SYM-0297,kas seğirmesi / fasikülasyon,Muscle twitching / fasciculation,R25.3,neurological,
ANAMNEZ-SYM-0298,kas spazmı,muscle spasm,R25.2,musculoskeletal,
ANAMNEZ-SYM-0299,kasıkta şişlik (inguinal kitle),inguinal swelling,R59.0,genitourinary,
ANAMNEZ-SYM-0300,katı gıdalarda yutma güçlüğü,Dysphagia for solids,R13,gastrointestinal,
ANAMNEZ-SYM-0301,kaşeksi,Cachexia,R64,constitutional,
ANAMNEZ-SYM-0302,kaşıntı,itching / pruritus,L29.9,skin,
ANAMNEZ-SYM-0303,kaşıntılı döküntü,pruritic rash,R21,skin,
ANAMNEZ-SYM-0304,kaşıntılı vajinal akıntı,Pruritic vaginal discharge,N89.8,gynecologic,
ANAMNEZ-SYM-0305,kemik ağrısı,bone pain,M89.89,musculoskeletal,
ANAMNEZ-SYM-0306,kendine zarar verme düşüncesi,Self-harm thoughts,R45.89,psychiatric,
ANAMNEZ-SYM-0307,kesik kesik idrar yapma,intermittent urinary stream,R39.1,genitourinary,
ANAMNEZ-SYM-0308,keskin/saplanıcı karın ağrısı,Sharp abdominal pain,R10.4,gastrointestinal,
ANAMNEZ-SYM-0309,keyifsizlik,Feeling out of sorts,R53,constitutional,
ANAMNEZ-SYM-0310,kilo alımı,Weight gain,R63.5,constitutional,
ANAMNEZ-SYM-0311,kilo kaybı,Weight loss,R63.4,constitutional,
ANAMNEZ-SYM-0312,koku alamama,anosmia,R43.0,ent,
ANAMNEZ-SYM-0313,koku algısı bozukluğu,parosmia,R43.1,ent,
ANAMNEZ-SYM-0314,koku alma azalması,hyposmia,R43.8,ent,
ANAMNEZ-SYM-0315,koku alma kaybı,Loss of smell / anosmia,R43.0,neurological,
ANAMNEZ-SYM-0316,kolik tarzında karın ağrısı,Colicky abdominal pain,R10.4,gastrointestinal,
ANAMNEZ-SYM-0317,koma,Coma,R40.2,neurological,
ANAMNEZ-SYM-0318,konfüzyon,Confusion,R41.0,neurological,
ANAMNEZ-SYM-0319,konsantrasyon güçlüğü,Poor concentration,R41.8,psychiatric,
ANAMNEZ-SYM-0320,konuşma bozukluğu,Speech disturbance,R47.8,neurological,
ANAMNEZ-SYM-0321,konuşma gecikmesi,Speech / language delay,R62.0,pediatric,
ANAMNEZ-SYM-0322,konvülsiyon,Convulsion,R56.8,neurological,
ANAMNEZ-SYM-0323,koyu renkli idrar (sarılıkla birlikte),Dark urine (with jaundice),R17,gastrointestinal,
ANAMNEZ-SYM-0324,kronik ağrı,Chronic pain,R52.2,constitutional,
ANAMNEZ-SYM-0325,kronik baş ağrısı,chronic headache,R51,head_neck,
ANAMNEZ-SYM-0326,kronik ishal,Chronic diarrhea,K59.1,gastrointestinal,
ANAMNEZ-SYM-0327,kronik pelvik ağrı,Chronic pelvic pain,R10.2,gynecologic,
ANAMNEZ-SYM-0328,kronik öksürük,chronic cough,R05,respiratory,
ANAMNEZ-SYM-0329,kulak akıntısı,ear discharge,H92.1,ent,
ANAMNEZ-SYM-0330,kulak ağrısı,earache,H92.0,ent,
ANAMNEZ-SYM-0331,kulak kiri tıkanması hissi,sensation of impacted cerumen,H61.2,ent,
ANAMNEZ-SYM-0332,kulakta basınç hissi,ear pressure sensation,H93.8,ent,
ANAMNEZ-SYM-0333,kulakta dolgunluk hissi,ear fullness,H93.8,ent,
ANAMNEZ-SYM-0334,kulakta kanama,bleeding from ear,H92.2,ent,
ANAMNEZ-SYM-0335,kulakta kaşıntı,ear itching,H93.8,ent,
ANAMNEZ-SYM-0336,kulakta yabancı cisim hissi,foreign body sensation in ear,H93.8,ent,
ANAMNEZ-SYM-0337,kulakta çınlama,tinnitus,H93.1,ent,
ANAMNEZ-SYM-0338,kuru öksürük,dry cough,R05,respiratory,
ANAMNEZ-SYM-0339,kusma,Vomiting,R11,gastrointestinal,
ANAMNEZ-SYM-0340,köpüklü balgam,frothy sputum,R09.3,respiratory,
ANAMNEZ-SYM-0341,kötü kokulu idrar,malodorous urine,R39.8,genitourinary,
ANAMNEZ-SYM-0342,kötü kokulu vajinal akıntı,Malodorous vaginal discharge,N89.8,gynecologic,
ANAMNEZ-SYM-0343,künt karın ağrısı,Dull abdominal pain,R10.4,gastrointestinal,
ANAMNEZ-SYM-0344,kırgınlık,Feeling unwell / malaise,R53,constitutional,
ANAMNEZ-SYM-0345,kızarıklık,redness / erythema,L53.9,skin,
ANAMNEZ-SYM-0346,lokalize döküntü,localized rash,R21,skin,
ANAMNEZ-SYM-0347,lokalize lenfadenopati,Localized lymphadenopathy,R59.0,constitutional,
ANAMNEZ-SYM-0348,lokalize terleme,localized hyperhidrosis,R61.0,skin,
ANAMNEZ-SYM-0349,lumbar radikülopati,lumbar radiculopathy,M54.16,musculoskeletal,
ANAMNEZ-SYM-0350,makattan kanama (hematokezi),Hematochezia / rectal bleeding,K62.5,gastrointestinal,
ANAMNEZ-SYM-0351,makül,macule,R23.8,skin,
ANAMNEZ-SYM-0352,masum üfürüm,Innocent / benign murmur,R01.0,cardiovascular,
ANAMNEZ-SYM-0353,mekanik topallama,mechanical limping (antalgic gait),M25.56,musculoskeletal,
ANAMNEZ-SYM-0354,melena,Melena,K92.1,gastrointestinal,
ANAMNEZ-SYM-0355,meme ağrısı / mastalji,Breast pain / mastalgia,N64.4,gynecologic,
ANAMNEZ-SYM-0356,meme ucu akıntısı,Nipple discharge,N64.5,gynecologic,
ANAMNEZ-SYM-0357,meme ucunda çatlak,Nipple fissure,N64.0,gynecologic,
ANAMNEZ-SYM-0358,memede kitle (hasta ifadesi),Breast lump (patient-reported),N63,gynecologic,
ANAMNEZ-SYM-0359,mide yanması,Heartburn,R12,gastrointestinal,
ANAMNEZ-SYM-0360,moralsizlik,Low mood,R45.2,psychiatric,
ANAMNEZ-SYM-0361,morarma (siyanoz),cyanosis,R23.0,skin,
ANAMNEZ-SYM-0362,morluk / ekimoz,bruising / ecchymosis,R23.3,skin,
ANAMNEZ-SYM-0363,nefes darlığı,dyspnoea / shortness of breath,R06.0,respiratory,
ANAMNEZ-SYM-0364,nodül,nodule,R22.9,skin,
ANAMNEZ-SYM-0365,nöbet geçirme,Seizure,R56.8,neurological,
ANAMNEZ-SYM-0366,nöbet tarzında öksürük,paroxysmal cough,R05,respiratory,
ANAMNEZ-SYM-0367,oksipital baş ağrısı,occipital headache,R51,head_neck,
ANAMNEZ-SYM-0368,omuz ağrısı,shoulder pain,M25.51,musculoskeletal,
ANAMNEZ-SYM-0369,omuz kası ağrısı,shoulder-region myalgia,M79.11,musculoskeletal,
ANAMNEZ-SYM-0370,omuz sertliği,shoulder stiffness,M25.61,musculoskeletal,
ANAMNEZ-SYM-0371,ortopne,orthopnoea,R06.0,respiratory,
ANAMNEZ-SYM-0372,ortostatik baş dönmesi,Orthostatic dizziness,R42,cardiovascular,
ANAMNEZ-SYM-0373,oryantasyon bozukluğu,Disorientation,R41.0,neurological,
ANAMNEZ-SYM-0374,ovulasyon ağrısı,Mittelschmerz,N94.0,gynecologic,
ANAMNEZ-SYM-0375,ovulasyon kanaması,Ovulation bleeding,N92.3,gynecologic,
ANAMNEZ-SYM-0376,panik benzeri ataklar,Panic-like episodes,R45.89,psychiatric,
ANAMNEZ-SYM-0377,papül,papule,R23.8,skin,
ANAMNEZ-SYM-0378,parmak ağrısı,finger pain,M25.54,musculoskeletal,
ANAMNEZ-SYM-0379,parmaklarda çomaklaşma,clubbing of fingers,R68.3,respiratory,
ANAMNEZ-SYM-0380,paroksismal nokturnal dispne,paroxysmal nocturnal dyspnoea,R06.0,respiratory,
ANAMNEZ-SYM-0381,pelvik ağrı,Pelvic pain,R10.2,gastrointestinal,
ANAMNEZ-SYM-0382,pelvik baskı / dolgunluk hissi,Pelvic pressure / fullness,R10.2,gynecologic,
ANAMNEZ-SYM-0383,penis akıntısı,penile discharge,R36,genitourinary,
ANAMNEZ-SYM-0384,penis ucunda yanma,penile burning,R30.0,genitourinary,
ANAMNEZ-SYM-0385,periferik siyanoz,Peripheral cyanosis,R23.0,cardiovascular,
ANAMNEZ-SYM-0386,periferik vertigo,Peripheral vertigo,H81.3,neurological,
ANAMNEZ-SYM-0387,perineal ağrı,Perineal pain,R10.2,gastrointestinal,
ANAMNEZ-SYM-0388,periyodik solunum,periodic breathing,R06.3,respiratory,
ANAMNEZ-SYM-0389,peteşi,petechiae,R23.3,skin,
ANAMNEZ-SYM-0390,pika (yenmeyen şeyleri yeme),Pica (infancy/childhood),F98.3,pediatric,
ANAMNEZ-SYM-0391,plak,plaque,R23.8,skin,
ANAMNEZ-SYM-0392,plörezi (yan ağrısı),pleurisy,R09.1,respiratory,
ANAMNEZ-SYM-0393,polidipsi / aşırı susama,Polydipsia,R63.1,constitutional,
ANAMNEZ-SYM-0394,postkoital kanama,Postcoital bleeding,N93.0,gynecologic,
ANAMNEZ-SYM-0395,postmenopozal kanama,Postmenopausal bleeding,N95.0,gynecologic,
ANAMNEZ-SYM-0396,pozisyonel baş dönmesi,Positional vertigo,H81.1,neurological,
ANAMNEZ-SYM-0397,prekordial ağrı,Precordial pain,R07.2,cardiovascular,
ANAMNEZ-SYM-0398,premenopozal aşırı kanama,Excessive premenopausal bleeding,N92.4,gynecologic,
ANAMNEZ-SYM-0399,premenstrüel sendrom (yakınma),Premenstrual tension syndrome,N94.3,gynecologic,
ANAMNEZ-SYM-0400,presenkop / bayılacak gibi olma,Pre-syncope,R55,neurological,
ANAMNEZ-SYM-0401,pretibial ödem,Pretibial oedema,R60.0,cardiovascular,
ANAMNEZ-SYM-0402,primer amenore,Primary amenorrhoea,N91.0,gynecologic,
ANAMNEZ-SYM-0403,primer dismenore,Primary dysmenorrhoea,N94.4,gynecologic,
ANAMNEZ-SYM-0404,projektil kusma,Projectile vomiting,R11,gastrointestinal,
ANAMNEZ-SYM-0405,rektal akıntı,Rectal discharge,R19.8,gastrointestinal,
ANAMNEZ-SYM-0406,renk görme bozukluğu,Color vision deficiency,H53.5,eye,
ANAMNEZ-SYM-0407,renksiz/açık renkli dışkı,Pale / acholic stools,R19.5,gastrointestinal,
ANAMNEZ-SYM-0408,sabah baş ağrısı,morning headache,R51,head_neck,
ANAMNEZ-SYM-0409,sabah bulantısı,Morning nausea,R11,gastrointestinal,
ANAMNEZ-SYM-0410,sabah tutukluğu,morning stiffness,M25.69,musculoskeletal,
ANAMNEZ-SYM-0411,safralı kusma,Bilious vomiting,R11,gastrointestinal,
ANAMNEZ-SYM-0412,saldırgan davranış,Aggressive behaviour,R45.6,psychiatric,
ANAMNEZ-SYM-0413,santral siyanoz,Central cyanosis,R23.0,cardiovascular,
ANAMNEZ-SYM-0414,sararma (deride),yellow skin / jaundice,R17,skin,
ANAMNEZ-SYM-0415,sarı-yeşil balgam,purulent sputum,R09.3,respiratory,
ANAMNEZ-SYM-0416,sarılık,Jaundice,R17,gastrointestinal,
ANAMNEZ-SYM-0417,saç dökülmesi,hair loss / alopecia,L65.9,skin,
ANAMNEZ-SYM-0418,saçlı deride hassasiyet,scalp tenderness,R20.8,head_neck,
ANAMNEZ-SYM-0419,saçlı deride kaşıntı,scalp itching,L29.8,head_neck,
ANAMNEZ-SYM-0420,sağ alt kadran ağrısı (RLQ),Right lower quadrant pain,R10.3,gastrointestinal,
ANAMNEZ-SYM-0421,sağ üst kadran ağrısı (RUQ),Right upper quadrant pain,R10.1,gastrointestinal,
ANAMNEZ-SYM-0422,sekonder amenore,Secondary amenorrhoea,N91.1,gynecologic,
ANAMNEZ-SYM-0423,sekonder dismenore,Secondary dysmenorrhoea,N94.5,gynecologic,
ANAMNEZ-SYM-0424,senkop,Syncope and collapse,R55,cardiovascular,
ANAMNEZ-SYM-0425,senkop / bayılma,Syncope and collapse,R55,constitutional,
ANAMNEZ-SYM-0426,sersemlik hissi,Lightheadedness,R42,cardiovascular,
ANAMNEZ-SYM-0427,sert dışkı,Hard stools,K59.0,gastrointestinal,
ANAMNEZ-SYM-0428,sertleşme sorunu (erektil disfonksiyon),erectile dysfunction,N48.4,genitourinary,
ANAMNEZ-SYM-0429,servikal radikülopati,cervical radiculopathy,M54.12,musculoskeletal,
ANAMNEZ-SYM-0430,servikobrakiyal ağrı,cervicobrachial pain,M53.1,head_neck,
ANAMNEZ-SYM-0431,servikokranial sendrom,cervicocranial syndrome,M53.0,head_neck,
ANAMNEZ-SYM-0432,ses değişikliği,voice change,R49.8,ent,
ANAMNEZ-SYM-0433,ses kaybı,loss of voice,R49.1,ent,
ANAMNEZ-SYM-0434,ses kısıklığı,hoarseness,R49.0,ent,
ANAMNEZ-SYM-0435,seyrek adet / oligomenore,Oligomenorrhoea,N91.5,gynecologic,
ANAMNEZ-SYM-0436,seyrek dışkılama,Infrequent defecation,K59.0,gastrointestinal,
ANAMNEZ-SYM-0437,sinirlilik,Irritability,R45.4,psychiatric,
ANAMNEZ-SYM-0438,siyanoz,Cyanosis,R23.0,cardiovascular,
ANAMNEZ-SYM-0439,siyatik ağrısı,sciatica,M54.3,musculoskeletal,
ANAMNEZ-SYM-0440,skrotal ağrı,scrotal pain,,genitourinary,
ANAMNEZ-SYM-0441,skrotal kaşıntı,pruritus scroti,L29.1,skin,
ANAMNEZ-SYM-0442,skrotal şişlik,scrotal swelling,,genitourinary,
ANAMNEZ-SYM-0443,sol alt kadran ağrısı (LLQ),Left lower quadrant pain,R10.3,gastrointestinal,
ANAMNEZ-SYM-0444,sol kola yayılan göğüs ağrısı,Chest pain radiating to left arm,R07.3,cardiovascular,
ANAMNEZ-SYM-0445,sol üst kadran ağrısı (LUQ),Left upper quadrant pain,R10.1,gastrointestinal,
ANAMNEZ-SYM-0446,solgun görünüm,Pallor,R23.1,constitutional,
ANAMNEZ-SYM-0447,solgunluk,Pallor,R23.1,cardiovascular,
ANAMNEZ-SYM-0448,solunum arresti,respiratory arrest,R09.2,respiratory,
ANAMNEZ-SYM-0449,solunum yolundan kanama,haemorrhage from respiratory passages,R04.9,respiratory,
ANAMNEZ-SYM-0450,solunumda göğüs ağrısı,chest pain on breathing,R07.1,respiratory,
ANAMNEZ-SYM-0451,solunumla artan göğüs ağrısı,Chest pain on breathing / pleuritic,R07.1,cardiovascular,
ANAMNEZ-SYM-0452,sosyal geri çekilme,Social withdrawal,R46.89,psychiatric,
ANAMNEZ-SYM-0453,soğuk eller / ayaklar,Cold extremities,R23.8,cardiovascular,
ANAMNEZ-SYM-0454,soğuk intoleransı,Cold intolerance,R68.8,constitutional,
ANAMNEZ-SYM-0455,splenomegali,Splenomegaly,R16.1,gastrointestinal,
ANAMNEZ-SYM-0456,stres tipi idrar kaçırma,stress urinary incontinence,N39.3,genitourinary,
ANAMNEZ-SYM-0457,stridor,stridor,R06.1,respiratory,
ANAMNEZ-SYM-0458,stupor,Stupor,R40.1,neurological,
ANAMNEZ-SYM-0459,substernal göğüs ağrısı,Substernal chest pain,R07.3,cardiovascular,
ANAMNEZ-SYM-0460,sulu ishal,Watery diarrhea,K59.1,gastrointestinal,
ANAMNEZ-SYM-0461,suprapubik ağrı,suprapubic pain,R10.3,genitourinary,
ANAMNEZ-SYM-0462,susuzluk hissi,Thirst,R63.1,constitutional,
ANAMNEZ-SYM-0463,sünnet derisi sıyrılmıyor (fimozis şüphesi),phimosis-like complaint,N47,genitourinary,
ANAMNEZ-SYM-0464,sıcak basması,Hot flushes,N95.1,gynecologic,
ANAMNEZ-SYM-0465,sıcak intoleransı,Heat intolerance,R68.8,constitutional,
ANAMNEZ-SYM-0466,sıcak tükenmesi,Heat exhaustion,T67.5,constitutional,
ANAMNEZ-SYM-0467,sıcak çarpması,Heatstroke,T67.0,constitutional,
ANAMNEZ-SYM-0468,sık adet / polimenore,Polymenorrhoea / frequent menstruation,N92.0,gynecologic,
ANAMNEZ-SYM-0469,sık idrara çıkma,urinary frequency,R35,genitourinary,
ANAMNEZ-SYM-0470,sıkışma tipi idrar kaçırma,urge urinary incontinence,N39.4,genitourinary,
ANAMNEZ-SYM-0471,sıkıştırıcı göğüs ağrısı,Squeezing/constricting chest pain,R07.3,cardiovascular,
ANAMNEZ-SYM-0472,sırt ağrısı,thoracic back pain,M54.6,musculoskeletal,
ANAMNEZ-SYM-0473,sırt kası ağrısı,back muscle pain,M79.18,musculoskeletal,
ANAMNEZ-SYM-0474,sırta yayılan göğüs ağrısı,Chest pain radiating to back,R07.3,cardiovascular,
ANAMNEZ-SYM-0475,sıvılarda yutma güçlüğü,Dysphagia for liquids,R13,gastrointestinal,
ANAMNEZ-SYM-0476,tam boşaltamama hissi,sensation of incomplete bladder emptying,R39.1,genitourinary,
ANAMNEZ-SYM-0477,tat alma bozukluğu,Taste disturbance,R43.2,neurological,
ANAMNEZ-SYM-0478,tek taraflı bacak şişliği,Unilateral leg swelling,R60.0,cardiovascular,
ANAMNEZ-SYM-0479,tek taraflı baş ağrısı,unilateral headache,R51,head_neck,
ANAMNEZ-SYM-0480,tek taraflı güçsüzlük,Unilateral / focal weakness,R29.88,neurological,
ANAMNEZ-SYM-0481,tek taraflı işitme azlığı,unilateral hearing loss,H91.9,ent,
ANAMNEZ-SYM-0482,tekrarlayan ateş,Recurrent fever,R50.9,constitutional,
ANAMNEZ-SYM-0483,tenezm,Tenesmus,R19.8,gastrointestinal,
ANAMNEZ-SYM-0484,teselli edilemeyen ağlama,Inconsolable crying,R68.1,pediatric,
ANAMNEZ-SYM-0485,testis ağrısı,testicular pain,,genitourinary,
ANAMNEZ-SYM-0486,testis şişliği,testicular swelling,,genitourinary,
ANAMNEZ-SYM-0487,titreme,Shivering / rigors,R68.8,constitutional,
ANAMNEZ-SYM-0488,titreme / tremor,Tremor,R25.1,neurological,
ANAMNEZ-SYM-0489,topuk ağrısı,heel pain,M79.67,musculoskeletal,
ANAMNEZ-SYM-0490,tortikollis,torticollis,M43.6,head_neck,
ANAMNEZ-SYM-0491,trigeminal nevralji benzeri ağrı,trigeminal neuralgia-like pain,G50.0,head_neck,
ANAMNEZ-SYM-0492,tıklayan kalça (bebek),Clicking hip (infant),R29.4,pediatric,
ANAMNEZ-SYM-0493,tıkınırcasına yeme yakınması,Binge eating complaint,R63.2,psychiatric,
ANAMNEZ-SYM-0494,tırnak değişikliği,nail change / nail disorder,L60.9,skin,
ANAMNEZ-SYM-0495,tırnak renk değişikliği,nail discoloration,L60.8,skin,
ANAMNEZ-SYM-0496,umutsuzluk,Hopelessness,R45.89,psychiatric,
ANAMNEZ-SYM-0497,unutkanlık,Forgetfulness / memory loss,R41.3,neurological,
ANAMNEZ-SYM-0498,unutkanlık yakınması,Subjective memory complaint,R41.3,psychiatric,
ANAMNEZ-SYM-0499,uyku hali / somnolans,Somnolence / drowsiness,R40.0,neurological,
ANAMNEZ-SYM-0500,uykusuzluk,Insomnia / difficulty sleeping,G47.0,psychiatric,
ANAMNEZ-SYM-0501,uyluk ağrısı,thigh pain,M79.65,musculoskeletal,
ANAMNEZ-SYM-0502,uyuşma,Numbness,R20.2,neurological,
ANAMNEZ-SYM-0503,uçuşan cisimler,Floaters,H53.1,eye,
ANAMNEZ-SYM-0504,vajinal akıntı,Vaginal discharge / leukorrhea,N89.8,gynecologic,
ANAMNEZ-SYM-0505,vajinal kuruluk,Vaginal dryness,N95.2,gynecologic,
ANAMNEZ-SYM-0506,vajinismus,Vaginismus,N94.2,gynecologic,
ANAMNEZ-SYM-0507,vezikal tenesmus,vesical tenesmus,R30.1,genitourinary,
ANAMNEZ-SYM-0508,vezikül / küçük su toplaması,vesicle,R23.8,skin,
ANAMNEZ-SYM-0509,vulvar ağrı / vulvodini,Vulvar pain / vulvodynia,N94.8,gynecologic,
ANAMNEZ-SYM-0510,vulvar kaşıntı,Vulvar itching / pruritus vulvae,L29.2,gynecologic,
ANAMNEZ-SYM-0511,vulvar yanma hissi,Vulvar burning,N94.8,gynecologic,
ANAMNEZ-SYM-0512,yan ağrısı (böğür ağrısı),flank pain,N23,genitourinary,
ANAMNEZ-SYM-0513,yanma hissi,Burning sensation,R20.8,neurological,
ANAMNEZ-SYM-0514,yanıcı göğüs ağrısı,Burning chest pain,R07.3,cardiovascular,
ANAMNEZ-SYM-0515,yavaş davranış,Psychomotor slowing,R46.4,psychiatric,
ANAMNEZ-SYM-0516,yavaş kalp atışı / bradikardi yakınması,Bradycardia (as complaint),R00.1,cardiovascular,
ANAMNEZ-SYM-0517,yaygın döküntü,generalized rash,R21,skin,
ANAMNEZ-SYM-0518,yaygın karın ağrısı,Generalized abdominal pain,R10.4,gastrointestinal,
ANAMNEZ-SYM-0519,yaygın kas ağrısı,generalized myalgia,M79.10,musculoskeletal,
ANAMNEZ-SYM-0520,yaygın kaşıntı,generalized pruritus,L29.8,skin,
ANAMNEZ-SYM-0521,yaygın lenf bezi şişliği,generalized lymphadenopathy,R59.1,head_neck,
ANAMNEZ-SYM-0522,yaygın saç dökülmesi (telogen),telogen effluvium,L65.0,skin,
ANAMNEZ-SYM-0523,yaygın sırt ağrısı,generalized backache,M54.9,musculoskeletal,
ANAMNEZ-SYM-0524,yaygın terleme,generalized hyperhidrosis,R61.1,skin,
ANAMNEZ-SYM-0525,yaygın vücut ağrısı,Diffuse body pain,R52.9,constitutional,
ANAMNEZ-SYM-0526,yaygın şişlik,Generalized swelling,R60.1,constitutional,
ANAMNEZ-SYM-0527,yağlı/parlak dışkı (steatore),Steatorrhea,R19.5,gastrointestinal,
ANAMNEZ-SYM-0528,yemek sonrası karın ağrısı,Postprandial abdominal pain,R10.4,gastrointestinal,
ANAMNEZ-SYM-0529,yenidoğan sarılığı,Neonatal jaundice,P59.9,pediatric,
ANAMNEZ-SYM-0530,yenidoğanda kusma,Vomiting in newborn,P92.0,pediatric,
ANAMNEZ-SYM-0531,yenidoğanda regürjitasyon,Regurgitation in newborn,P92.1,pediatric,
ANAMNEZ-SYM-0532,yenidoğanda yavaş beslenme,Slow feeding of newborn,P92.2,pediatric,
ANAMNEZ-SYM-0533,yetersiz kilo alımı (bebek/çocuk),Poor weight gain in infant/child,R62.8,pediatric,
ANAMNEZ-SYM-0534,yorgun uyanma,Unrefreshing sleep,G47.8,psychiatric,
ANAMNEZ-SYM-0535,yorgunluk,Fatigue,R53,constitutional,
ANAMNEZ-SYM-0536,yutma güçlüğü,dysphagia,R13,ent,
ANAMNEZ-SYM-0537,yüksek ateş,High fever,R50.9,constitutional,
ANAMNEZ-SYM-0538,yüksek tansiyon ölçümü (tanı yok),Elevated blood pressure reading (no diagnosis),R03.0,cardiovascular,
ANAMNEZ-SYM-0539,yürüme gecikmesi,Delayed walking,R62.0,pediatric,
ANAMNEZ-SYM-0540,yürüme zorluğu,Difficulty in walking,R26.2,neurological,
ANAMNEZ-SYM-0541,yürürken bacak ağrısı / klaudikasyo,Intermittent claudication / leg pain on walking,I73.9,cardiovascular,
ANAMNEZ-SYM-0542,yürüyüş bozukluğu,Gait disturbance,R26.8,neurological,
ANAMNEZ-SYM-0543,yüz ağrısı,facial pain,R51,head_neck,
ANAMNEZ-SYM-0544,yüz/sinüs ağrısı,facial/sinus pain,R07.0,ent,
ANAMNEZ-SYM-0545,yüzde kayma / asimetri,Facial droop / asymmetry,R29.88,neurological,
ANAMNEZ-SYM-0546,yüzde kızarıklık,facial flushing,R23.2,head_neck,
ANAMNEZ-SYM-0547,yüzde kızarıklık (al basması),facial flushing,R23.2,skin,
ANAMNEZ-SYM-0548,yüzde uyuşma/karıncalanma,facial numbness / paraesthesia,R20.2,head_neck,
ANAMNEZ-SYM-0549,yüzeyel solunum,shallow breathing,R06.8,respiratory,
ANAMNEZ-SYM-0550,zayıf idrar akımı,weak urinary stream,R39.1,genitourinary,
ANAMNEZ-SYM-0551,zevk alamama,Anhedonia,R45.89,psychiatric,
ANAMNEZ-SYM-0552,zihin bulanıklığı / beyin sisi,Brain fog (patient-reported),R41.8,neurological,
ANAMNEZ-SYM-0553,zihinsel bulanıklık,Mental fogginess,R41.8,psychiatric,
ANAMNEZ-SYM-0554,zonklayıcı baş ağrısı,throbbing headache,R51,head_neck,
ANAMNEZ-SYM-0555,zor dışkılama,Straining at stool,K59.0,gastrointestinal,
ANAMNEZ-SYM-0556,çarpıntı,Palpitations,R00.2,cardiovascular,
ANAMNEZ-SYM-0557,çene açarken ağrı/kilitlenme,jaw pain on opening / locking,K07.6,head_neck,
ANAMNEZ-SYM-0558,çene eklemi ağrısı,temporomandibular joint pain,K07.6,head_neck,
ANAMNEZ-SYM-0559,çenede klik/çıtırtı sesi,jaw clicking,K07.6,head_neck,
ANAMNEZ-SYM-0560,çeneye yayılan göğüs ağrısı,Chest pain radiating to jaw,R07.3,cardiovascular,
ANAMNEZ-SYM-0561,çift görme,Diplopia,H53.2,eye,
ANAMNEZ-SYM-0562,çift taraflı bacak ödemi,Bilateral leg oedema,R60.0,cardiovascular,
ANAMNEZ-SYM-0563,çocukta uyku terörü / gece korkusu,Night terrors,F51.4,pediatric,
ANAMNEZ-SYM-0564,çocukta uyurgezerlik,Sleepwalking,F51.3,pediatric,
ANAMNEZ-SYM-0565,çok idrar yapma (poliüri),polyuria,R35,genitourinary,
ANAMNEZ-SYM-0566,çoklu deri kitleleri,"localized swellings, multiple sites",R22.7,skin,
ANAMNEZ-SYM-0567,çoklu eklem ağrısı,polyarthralgia (multiple joints),M25.50,musculoskeletal,
ANAMNEZ-SYM-0568,çoklu somatik yakınma,Multiple somatic complaints,,psychiatric,
ANAMNEZ-SYM-0569,çökkün ruh hali,Depressed mood,R45.2,psychiatric,
ANAMNEZ-SYM-0570,ödem (tanımlanmamış),Oedema unspecified,R60.9,constitutional,
ANAMNEZ-SYM-0571,öfke patlamaları,Anger outbursts,R45.4,psychiatric,
ANAMNEZ-SYM-0572,öksürmeyle birlikte boğaz ağrısı,sore throat with cough,R07.0,ent,
ANAMNEZ-SYM-0573,öksürük,cough,R05,respiratory,
ANAMNEZ-SYM-0574,ön kol ağrısı,forearm pain,M79.63,musculoskeletal,
ANAMNEZ-SYM-0575,özbakımda azalma,Decline in personal hygiene,R46.0,psychiatric,
ANAMNEZ-SYM-0576,üretral akıntı,urethral discharge,R36,genitourinary,
ANAMNEZ-SYM-0577,ürtiker / kurdeşen,urticaria / hives,L50.9,skin,
ANAMNEZ-SYM-0578,üst karın ağrısı,Upper abdominal pain,R10.1,gastrointestinal,
ANAMNEZ-SYM-0579,üst kol ağrısı,upper arm pain,M79.62,musculoskeletal,
ANAMNEZ-SYM-0580,üşüme,Chills,R68.8,constitutional,
ANAMNEZ-SYM-0581,ışık çakmaları,Photopsia / flashes,H53.1,eye,
ANAMNEZ-SYM-0582,ışıktan rahatsız olma,Photophobia,H53.1,eye,
ANAMNEZ-SYM-0583,şaşılık şikâyeti,Strabismus complaint,H53.3,eye,
ANAMNEZ-SYM-0584,şiddetli baş ağrısı,severe headache,R51,head_neck,
ANAMNEZ-SYM-0585,şüphecilik,Suspiciousness,R46.5,psychiatric,
